<?xml version="1.0" encoding="UTF-8"?>
<beans xmlns="http://www.springframework.org/schema/beans"
	xmlns:xsi="http://www.w3.org/2001/XMLSchema-instance" xmlns:context="http://www.springframework.org/schema/context"
	xmlns:p="http://www.springframework.org/schema/p" xmlns:mvc="http://www.springframework.org/schema/mvc"
	xmlns:util="http://www.springframework.org/schema/util"
	xsi:schemaLocation="http://www.springframework.org/schema/beans
         http://www.springframework.org/schema/beans/spring-beans-3.1.xsd 
         http://www.springframework.org/schema/context
         http://www.springframework.org/schema/context/spring-context-3.1.xsd		
         http://www.springframework.org/schema/util 
         http://www.springframework.org/schema/util/spring-util-3.1.xsd">

	<description>MongoDB-Morphia配置</description>

	<!-- mongo instance -->
	<bean id="mongoClient" class="com.lt.uadb.util.MongoFactoryBean">
		<!-- <property name="mongoClientOptions" ref="mongoClientOptions" /> -->
		<property name="readSecondary" value="false" />
		<property name="writeConcern" value="SAFE" />
		<property name="serverStrings">
			<list>
			    <value>192.168.1.188:27017</value>
				<!--<value>192.168.1.160:27017</value> -->
				<!--<value>localhost:27017</value> -->
			</list>
		</property>
	</bean>
 
	<bean id="morphia_uadb" class="com.lt.uadb.util.MorphiaFactoryBean"
		scope="singleton">
		<property name="mapPackages">
			<list>
				<value>com.lt.uadb.tr.entity.rule</value>
				<value>com.lt.uadb.tr.entity.adtree</value>
				<value>com.lt.uadb.tr.entity.common</value>
			</list>
		</property>
		<property name="ignoreInvalidClasses" value="false" />
	</bean> 
	<bean id="dataStore" class="com.lt.uadb.util.DataStoreFactoryBean">
		<!--<property name="dbName" value="uadb_snapshot" /> -->
		 <property name="dbName" value="uadb" />
		<property name="morphia" ref="morphia_uadb" />
		<property name="mongoClient" ref="mongoClient" />
		<property name="toEnsureIndexes" value="true" />
		<property name="toEnsureCaps" value="true" />
	</bean>
	 
 
	<bean id="morphia_uadb_attachment" class="com.lt.uadb.util.MorphiaFactoryBean"
		scope="singleton">
		<property name="mapPackages">
			<list>
				<value>com.lt.uadb.tr.entity.attachment</value>
			</list>
		</property>
		<property name="ignoreInvalidClasses" value="false" />
	</bean> 
	<bean id="dataStore_uadb_attachment" class="com.lt.uadb.util.DataStoreFactoryBean">
		<!-- <property name="dbName" value="uadb_attachment_snapshot" /> -->
		<property name="dbName" value="uadb_attachment" />
		<property name="morphia" ref="morphia_uadb_attachment" />
		<property name="mongoClient" ref="mongoClient" />
		<property name="toEnsureIndexes" value="true" />
		<property name="toEnsureCaps" value="true" />
	</bean>

	<!-- mongoDB的配置对象 -->
	<!-- <bean id="mongoClientOptions" class="com.mongodb.MongoClientOptions" 
		> -->
	<!-- <constructor-arg /> -->
	<!-- <property name="autoConnectRetry" value="false" /> -->
	<!-- <property name="maxAutoConnectRetryTime" value="0" /> -->
	<!-- #每个主机答应的连接数（每个主机的连接池大小），当连接池被用光时，会被阻塞住 -->
	<!-- <property name="connectionsPerHost" value="10" /> -->
	<!-- <property name="connectTimeout" value="10000" /> -->
	<!-- <property name="cursorFinalizerEnabled" value="true" /> -->
	<!-- <property name="maxWaitTime" value="120000" /> -->
	<!-- <property name="threadsAllowedToBlockForConnectionMultiplier" -->
	<!-- value="5" /> -->
	<!-- <property name="socketTimeout" value="0" /> -->
	<!-- <property name="socketKeepAlive" value="false" /> -->
	<!-- #假如为true，驱动每次update后会发出一个getLastError命令来保证成功，默以为false -->
	<!-- <property name="safe" value="true" /> -->
	<!-- the w value of WriteConcern for the connection -->
	<!-- <property name="w" value="0" /> -->
	<!-- the wtimeout value of WriteConcern for the connection -->
	<!-- <property name="wtimeout" value="0" /> -->
	<!-- the fsync value of WriteConcern for the connection -->
	<!-- <property name="fsync" value="false" /> -->
	<!-- <property name="j" value="false" /> -->
	<!-- </bean> -->
</beans>